nome,codigo_numerico
Ana Lívia,94642
Vicente,59997
Davi Lucas,39110
Antônio,28436
Sophia,17045
Vitor Hugo,90746
Beatriz,35659
Bernardo,62474
Ana Luiza,62816
Benjamin,71982
Luiz Fernando,78911
Alice,72533
André,52153
João Gabriel,80817
Vicente,96880
Caio,58722
Danilo,33902
Nicole,19956
Maria Luiza,66777
Agatha,39388
Marcos Vinicius,45126
João,79871
Gabrielly,37902
Davi Lucas,11853
Marina,51182
Davi Lucas,76758
Raul,45343
Milena,24451
Fernando,54004
Alexia,62903
Erick,25629
Ana Beatriz,71966
Sophie,21398
Isaac,19595
Otávio,19990
Rebeca,47667
Samuel,31127
Elisa,57605
Maria Cecília,98389
Fernanda,40808
Kaique,65837
Carlos Eduardo,33010
Ana Júlia,41683
Ana Clara,97705
Catarina,32469
João,38498
Ana Sophia,67875
Levi,54321
Rafael,45469
Agatha,62917
Stephany,56444
Catarina,67692
Nathan,98618
João Gabriel,73974
Fernando,73278
Davi Luiz,84827
Alexandre,31321
Luiz Miguel,63507
Felipe,58855
Beatriz,58573
Murilo,99705
Sofia,25835
Esther,11047
Ana Clara,52469
Lorenzo,69587
Giovanna,89226
Alexia,72700
Isabel,62892
Ryan,87496
Ana,26737
Pedro Henrique,84286
Luiza,10729
João Guilherme,99999
Nicole,14418
Pedro Henrique,18213
Paulo,49473
Amanda,54740
Ana Clara,63296
Matheus,34675
Maria,48111
Lavínia,20108
Yuri,75520
Calebe,60850
Marcelo,39358
Júlia,35357
Nicolas,38861
Lucca,51576
Mirella,47305
Rodrigo,18775
Vitor,71239
Ana Beatriz,90614
Isis,83391
Sophia,96210
Agatha,59900
Kaique,31819
Enzo Gabriel,54409
Davi Lucca,32070
Maria Fernanda,33112
Vitória,73608
Rodrigo,93258
